-- phpMyAdmin SQL Dump
-- version 5.0.4
-- https://www.phpmyadmin.net/
--
-- Hôte : 127.0.0.1
-- Généré le : mer. 13 jan. 2021 à 20:25
-- Version du serveur :  10.4.17-MariaDB
-- Version de PHP : 8.0.0

SET SQL_MODE = "NO_AUTO_VALUE_ON_ZERO";
START TRANSACTION;
SET time_zone = "+00:00";


/*!40101 SET @OLD_CHARACTER_SET_CLIENT=@@CHARACTER_SET_CLIENT */;
/*!40101 SET @OLD_CHARACTER_SET_RESULTS=@@CHARACTER_SET_RESULTS */;
/*!40101 SET @OLD_COLLATION_CONNECTION=@@COLLATION_CONNECTION */;
/*!40101 SET NAMES utf8mb4 */;

--
-- Base de données : `pj_notedefrais_gsb`
--

-- --------------------------------------------------------

--
-- Structure de la table `deplacement`
--

CREATE TABLE `deplacement` (
  `Id_transport` int(10) NOT NULL,
  `Nom_transport` varchar(50) DEFAULT NULL,
  `Type_vehi` tinyint(1) DEFAULT NULL,
  `nom_vehi` varchar(50) DEFAULT NULL,
  `ChFiscaux_vehi` int(2) DEFAULT NULL
) ENGINE=InnoDB DEFAULT CHARSET=utf8mb4;

--
-- Déchargement des données de la table `deplacement`
--

INSERT INTO `deplacement` (`Id_transport`, `Nom_transport`, `Type_vehi`, `nom_vehi`, `ChFiscaux_vehi`) VALUES
(1, 'Train', NULL, NULL, NULL),
(2, 'Avion', NULL, NULL, NULL),
(3, 'Voiture', NULL, NULL, NULL),
(5, 'Voiture', 1, 'Tesla modele Y', 5),
(6, 'Voiture', 1, 'Tesla Modele 3', 5),
(7, 'Voiture', 1, 'Tesla modele S', 5);

-- --------------------------------------------------------

--
-- Structure de la table `deplacer`
--

CREATE TABLE `deplacer` (
  `Id_ms` int(10) NOT NULL,
  `Id_transport` int(10) NOT NULL,
  `nbr_km_dpl` int(100) DEFAULT NULL
) ENGINE=InnoDB DEFAULT CHARSET=utf8mb4;

--
-- Déchargement des données de la table `deplacer`
--

INSERT INTO `deplacer` (`Id_ms`, `Id_transport`, `nbr_km_dpl`) VALUES
(16, 3, NULL),
(17, 2, NULL),
(17, 3, NULL),
(18, 2, NULL),
(18, 3, NULL),
(18, 5, 0),
(19, 2, NULL),
(19, 3, NULL),
(19, 6, 0),
(21, 3, NULL),
(21, 7, 0);

-- --------------------------------------------------------

--
-- Structure de la table `hebergement`
--

CREATE TABLE `hebergement` (
  `Id_hbg` int(10) NOT NULL,
  `Nom_hbg` varchar(50) DEFAULT NULL
) ENGINE=InnoDB DEFAULT CHARSET=utf8mb4;

--
-- Déchargement des données de la table `hebergement`
--

INSERT INTO `hebergement` (`Id_hbg`, `Nom_hbg`) VALUES
(1, 'Pomme do\'r'),
(2, 'Preseroux'),
(12, '123'),
(13, 'Campanile');

-- --------------------------------------------------------

--
-- Structure de la table `mission`
--

CREATE TABLE `mission` (
  `Id_ms` int(10) NOT NULL,
  `Montant_ms` decimal(15,2) DEFAULT NULL,
  `Nom_ms` varchar(50) DEFAULT NULL,
  `Remarque_ms` varchar(255) DEFAULT NULL,
  `Date_dbt_ms` date DEFAULT NULL,
  `Date_fin_ms` date DEFAULT NULL,
  `NbrRepas_ms` int(11) DEFAULT NULL,
  `Id_utl` int(10) NOT NULL,
  `Id_ville` int(10) NOT NULL,
  `Valid_ms` tinyint(1) DEFAULT NULL
) ENGINE=InnoDB DEFAULT CHARSET=utf8mb4;

--
-- Déchargement des données de la table `mission`
--

INSERT INTO `mission` (`Id_ms`, `Montant_ms`, `Nom_ms`, `Remarque_ms`, `Date_dbt_ms`, `Date_fin_ms`, `NbrRepas_ms`, `Id_utl`, `Id_ville`, `Valid_ms`) VALUES
(1, '125.00', 'Formation', 'Formation demander par mR Gerard dans le cadre de mon activité', '2021-01-06', '2021-01-09', 3, 3, 10, 0),
(2, '-215.00', 'Test3', '\r\n\r\n\r\n\r\nTest de merde 3', '0000-00-00', '0000-00-00', 4, 3, 10, 0),
(3, '25.00', 'Test4', '\r\n\r\n\r\n\r\nTest de merde 4', '0000-00-00', '0000-00-00', 4, 3, 10, 0),
(4, '60.00', 'test6', 'ptdr jen peut plus test 5', '0000-00-00', '0000-00-00', 4, 1, 10, 1),
(5, '-5210.00', 'test 7', '\r\n\r\n\r\n\r\nTest7', '2021-09-02', '2021-12-02', 4, 3, 10, 0),
(6, '55.00', 'test8', '\r\n\r\n\r\n\r\nTest8', '2021-09-12', '2021-09-15', 3, 3, 10, 0),
(7, '100.00', 'Test9', '\r\n\r\n\r\n\r\nTest9', '2021-09-02', '2021-09-04', 2, 3, 10, 0),
(8, '70.00', 'Test10', '\r\n\r\n\r\n\r\nTest10 sah quelle plaisir', '2021-09-02', '2021-09-05', 4, 3, 10, 0),
(9, '349825.00', 'Test11', '\r\ntest11', '2021-09-02', '2021-09-05', 9, 3, 10, 1),
(10, '70.00', 'Test12', '\r\n\r\n\r\n\r\nTest', '2021-09-10', '2021-09-15', 12, 3, 18, 0),
(12, '-70.00', 'Test13', 'Test13', '2021-09-05', '2021-09-07', 4, 3, 10, 1),
(13, '-250.00', 'Test14', '\r\n\r\n\r\n\r\nTest14', '2021-09-15', '2021-09-20', 4, 3, 19, 0),
(14, '-169.00', 'Test16', '\r\n\r\n\r\n\r\nTest16', '2021-09-10', '2021-09-14', 3, 3, 21, 0),
(15, '-205.00', 'Test19', '\r\n\r\n\r\n\r\nTest19', '2021-09-02', '2021-09-05', 1, 3, 18, 1),
(16, '-205.00', 'Test20', '\r\n\r\n\r\n\r\nTest20', '2021-09-06', '2021-09-09', 1, 3, 19, 0),
(17, '-125.00', 'Test21', '\r\n\r\n\r\n\r\nTest21', '2021-09-10', '2021-09-13', 5, 3, 19, 1),
(18, '35.00', 'Test24', '\r\nTest24', '2021-09-10', '2021-09-13', 5, 3, 19, 1),
(19, '260.00', 'Test26', '\r\n\r\n\r\n\r\ntEST26', '2021-09-10', '2021-09-13', 4, 3, 19, 0),
(21, '370.00', 'Formation Final', '\r\n\r\n\r\n\r\nTest Finale', '2021-01-13', '2021-01-15', 4, 7, 10, 0);

-- --------------------------------------------------------

--
-- Structure de la table `prevoir`
--

CREATE TABLE `prevoir` (
  `Id_ms` int(10) NOT NULL,
  `Id_hbg` int(10) NOT NULL,
  `nbr_nuit` int(2) DEFAULT NULL
) ENGINE=InnoDB DEFAULT CHARSET=utf8mb4;

--
-- Déchargement des données de la table `prevoir`
--

INSERT INTO `prevoir` (`Id_ms`, `Id_hbg`, `nbr_nuit`) VALUES
(1, 1, NULL),
(15, 12, NULL),
(17, 12, NULL),
(18, 12, NULL),
(19, 12, NULL),
(21, 13, 1);

-- --------------------------------------------------------

--
-- Structure de la table `typecompte`
--

CREATE TABLE `typecompte` (
  `ID_Compte` int(10) NOT NULL,
  `Nom_compte` varchar(50) DEFAULT NULL
) ENGINE=InnoDB DEFAULT CHARSET=utf8mb4;

--
-- Déchargement des données de la table `typecompte`
--

INSERT INTO `typecompte` (`ID_Compte`, `Nom_compte`) VALUES
(1, 'Utilisateur'),
(2, 'Comptable');

-- --------------------------------------------------------

--
-- Structure de la table `utilisateur`
--

CREATE TABLE `utilisateur` (
  `Id_utl` int(10) NOT NULL,
  `nom_utl` varchar(20) DEFAULT NULL,
  `Pnom_utl` varchar(50) DEFAULT NULL,
  `Mdp_utl` varchar(50) DEFAULT NULL,
  `Poste_utl` varchar(50) DEFAULT NULL,
  `ID_Compte` int(10) NOT NULL,
  `Id_ville` int(10) NOT NULL
) ENGINE=InnoDB DEFAULT CHARSET=utf8mb4;

--
-- Déchargement des données de la table `utilisateur`
--

INSERT INTO `utilisateur` (`Id_utl`, `nom_utl`, `Pnom_utl`, `Mdp_utl`, `Poste_utl`, `ID_Compte`, `Id_ville`) VALUES
(1, 'Aroot', 'azerty', '123456', 'Comptable', 2, 10),
(3, 'Uroot', 'qwerty', '123456', 'Comptable', 1, 10),
(7, 'Parisot', 'Pierre', 'Pierre70', 'Patron', 1, 10),
(10, 'Gavory', 'Julien', 'Juju', 'Logistique', 1, 10),
(13, 'Hagmann', 'Quentin', 'Qt2K00', 'Maintenance', 1, 10),
(14, 'André', 'Nicolas', 'Nico70', 'Technicien', 1, 12),
(15, 'Gras', 'Hugo', 'Yugoh', 'Ouvrier', 1, 16),
(16, 'Martin', 'JeanFrancois', 'Jiji', 'Administrateurreseaux', 1, 18),
(17, 'Aristidini', 'David', 'DoDo', 'BTP', 1, 19);

-- --------------------------------------------------------

--
-- Structure de la table `ville`
--

CREATE TABLE `ville` (
  `Id_ville` int(10) NOT NULL,
  `Cp_ville` varchar(5) DEFAULT NULL,
  `Nom_ville` varchar(50) DEFAULT NULL
) ENGINE=InnoDB DEFAULT CHARSET=utf8mb4;

--
-- Déchargement des données de la table `ville`
--

INSERT INTO `ville` (`Id_ville`, `Cp_ville`, `Nom_ville`) VALUES
(3, '1000', 'BOURG EN BRESSE'),
(4, '1090', 'GENOUILLEUX'),
(5, '1090', 'LURCY'),
(6, '1090', 'MONTCEAUX'),
(7, '1090', 'MONTMERLE SUR SAONE'),
(8, '1090', 'FRANCHELEINS'),
(9, '1090', 'GUEREINS'),
(10, '1090', 'FRANCHELEINS'),
(11, '1090', 'FRANCHELEINS'),
(12, '1100', 'MARTIGNAT'),
(13, '1100', 'OYONNAX'),
(14, '1100', 'APREMONT'),
(15, '1100', 'BELLIGNAT'),
(16, '1100', 'OYONNAX'),
(17, '1100', 'ARBENT'),
(18, '1100', 'GEOVREISSET'),
(19, '1100', 'GROISSIAT'),
(20, '1100', 'OYONNAX'),
(21, '1110', 'ARANC'),
(22, '1110', 'PLATEAU D HAUTEVILLE'),
(23, '1110', 'CHAMPDOR CORCELLES'),
(24, '1110', 'CORLIER'),
(25, '1110', 'PREMILLIEU'),
(26, '1110', 'BRENOD'),
(27, '1110', 'PLATEAU D HAUTEVILLE'),
(28, '1110', 'PLATEAU D HAUTEVILLE'),
(29, '1110', 'CHAMPDOR CORCELLES'),
(30, '1110', 'PLATEAU D HAUTEVILLE'),
(31, '1120', 'LA BOISSE'),
(32, '1120', 'DAGNEUX'),
(33, '1120', 'MONTLUEL'),
(34, '1120', 'PIZAY'),
(35, '1120', 'STE CROIX'),
(36, '1120', 'MONTLUEL'),
(37, '1120', 'MONTLUEL'),
(38, '1120', 'NIEVROZ'),
(39, '1120', 'THIL'),
(40, '1130', 'GIRON'),
(41, '1130', 'NANTUA'),
(42, '1130', 'LES NEYROLLES'),
(43, '1130', 'BELLEYDOUX'),
(44, '1130', 'CHARIX'),
(45, '1130', 'ECHALLON'),
(46, '1130', 'LE POIZAT LALLEYRIAT'),
(47, '1130', 'LE POIZAT LALLEYRIAT'),
(48, '1130', 'PLAGNE'),
(49, '1130', 'ST GERMAIN DE JOUX'),
(50, '1140', 'ILLIAT'),
(51, '1140', 'MOGNENEINS'),
(52, '1140', 'ST ETIENNE SUR CHALARONNE'),
(53, '1140', 'GARNERANS'),
(54, '1140', 'THOISSEY'),
(55, '1140', 'VALEINS'),
(56, '1140', 'PEYZIEUX SUR SAONE'),
(57, '1140', 'ST DIDIER SUR CHALARONNE'),
(58, '1150', 'STE JULIE'),
(59, '1150', 'ST VULBAS'),
(60, '1150', 'SAULT BRENAZ'),
(61, '1150', 'SOUCLIN'),
(62, '1150', 'VILLEBOIS'),
(63, '1150', 'CHAZEY SUR AIN'),
(64, '1150', 'LAGNIEU'),
(65, '1150', 'LEYMENT'),
(66, '1150', 'BLYES'),
(67, '1150', 'ST SORLIN EN BUGEY'),
(68, '1150', 'VAUX EN BUGEY'),
(69, '1160', 'DRUILLAT'),
(70, '1160', 'NEUVILLE SUR AIN'),
(71, '1160', 'PONT D AIN'),
(72, '1160', 'ST MARTIN DU MONT'),
(73, '1160', 'PRIAY'),
(74, '1160', 'LA TRANCLIERE'),
(75, '1160', 'VARAMBON'),
(76, '1170', 'ECHENEVEX'),
(77, '1170', 'CESSY'),
(78, '1170', 'MIJOUX'),
(79, '1170', 'CHEVRY'),
(80, '1170', 'CROZET'),
(81, '1170', 'VESANCY'),
(82, '1170', 'GEX'),
(83, '1170', 'SEGNY'),
(84, '1190', 'BOISSEY'),
(85, '1190', 'OZAN'),
(86, '1190', 'BOZ'),
(87, '1190', 'CHAVANNES SUR REYSSOUZE'),
(88, '1190', 'PONT DE VAUX'),
(89, '1190', 'ARBIGNY'),
(90, '1190', 'CHEVROUX'),
(91, '1190', 'ST ETIENNE SUR REYSSOUZE'),
(92, '1190', 'GORREVOD'),
(93, '1190', 'REYSSOUZE'),
(94, '1190', 'ST BENIGNE'),
(95, '1190', 'SERMOYER'),
(96, '1200', 'VALSERHONE'),
(97, '1200', 'LEAZ'),
(98, '1200', 'VALSERHONE'),
(99, '1200', 'VALSERHONE'),
(100, '1200', 'INJOUX GENISSIAT'),
(101, '1200', 'INJOUX GENISSIAT'),
(102, '1200', 'VALSERHONE'),
(103, '1200', 'VILLES'),
(104, '1200', 'VALSERHONE'),
(105, '1200', 'BILLIAT'),
(106, '1200', 'CHEZERY FORENS'),
(107, '1200', 'CONFORT'),
(108, '1200', 'MONTANGES'),
(109, '1200', 'ELOISE'),
(110, '1210', 'FERNEY VOLTAIRE'),
(111, '1210', 'VERSONNEX'),
(112, '1210', 'ORNEX'),
(113, '1220', 'SAUVERNY'),
(114, '1220', 'GRILLY'),
(115, '1220', 'DIVONNE LES BAINS'),
(116, '1230', 'EVOSGES'),
(117, '1230', 'NIVOLLET MONTGRIFFON'),
(118, '1230', 'CONAND'),
(119, '1230', 'CHALEY'),
(120, '1230', 'ARANDAS'),
(121, '1230', 'ONCIEU'),
(122, '1230', 'TENAY'),
(123, '1230', 'ARGIS'),
(124, '1230', 'CLEYZIEU'),
(125, '1230', 'ST RAMBERT EN BUGEY'),
(126, '1230', 'TORCIEU'),
(127, '1240', 'LA CHAPELLE DU CHATELARD'),
(128, '1240', 'DOMPIERRE SUR VEYLE'),
(129, '1240', 'ST ANDRE LE BOUCHOUX'),
(130, '1240', 'CERTINES'),
(131, '1240', 'MARLIEUX'),
(132, '1240', 'ST PAUL DE VARAX'),
(133, '1240', 'LENT'),
(134, '1240', 'ST GERMAIN SUR RENON'),
(135, '1250', 'CORVEISSIAT'),
(136, '1250', 'HAUTECOURT ROMANECHE'),
(137, '1250', 'HAUTECOURT ROMANECHE'),
(138, '1250', 'JASSERON'),
(139, '1250', 'BOHAS MEYRIAT RIGNAT'),
(140, '1250', 'RAMASSE'),
(141, '1250', 'CEYZERIAT'),
(142, '1250', 'NIVIGNE ET SURAN'),
(143, '1250', 'VILLEREVERSURE'),
(144, '1250', 'NIVIGNE ET SURAN'),
(145, '1250', 'CIZE'),
(146, '1250', 'BOHAS MEYRIAT RIGNAT'),
(147, '1250', 'MONTAGNAT'),
(148, '1250', 'REVONNAS'),
(149, '1250', 'SIMANDRE SUR SURAN'),
(150, '1250', 'DROM'),
(151, '1250', 'GRAND CORENT'),
(152, '1250', 'POUILLAT'),
(153, '1250', 'ST JUST'),
(154, '1250', 'TOSSIAT'),
(155, '1250', 'JOURNANS'),
(156, '1250', 'BOHAS MEYRIAT RIGNAT'),
(157, '1260', 'VALROMEY SUR SERAN'),
(158, '1260', 'VALROMEY SUR SERAN'),
(159, '1260', 'VALROMEY SUR SERAN'),
(160, '1260', 'VALROMEY SUR SERAN'),
(161, '1260', 'CHAMPAGNE EN VALROMEY'),
(162, '1260', 'CHAMPAGNE EN VALROMEY'),
(163, '1260', 'ARVIERE EN VALROMEY'),
(164, '1260', 'CHAMPAGNE EN VALROMEY'),
(165, '1260', 'HAUT VALROMEY'),
(166, '1260', 'HAUT VALROMEY'),
(167, '1260', 'VALROMEY SUR SERAN'),
(168, '1260', 'VALROMEY SUR SERAN'),
(169, '1260', 'HAUT VALROMEY'),
(170, '1260', 'RUFFIEU'),
(171, '1260', 'ARVIERE EN VALROMEY'),
(172, '1260', 'VALROMEY SUR SERAN'),
(173, '1260', 'HAUT VALROMEY'),
(174, '1260', 'ARVIERE EN VALROMEY'),
(175, '1270', 'BEAUPONT'),
(176, '1270', 'VERJON'),
(177, '1270', 'VILLEMOTIER'),
(178, '1270', 'PIRAJOUX'),
(179, '1270', 'SALAVRE'),
(180, '1270', 'COLIGNY'),
(181, '1270', 'DOMSURE'),
(182, '1280', 'PREVESSIN MOENS'),
(183, '1280', 'PREVESSIN MOENS'),
(184, '1290', 'BIZIAT'),
(185, '1290', 'GRIEGES'),
(186, '1290', 'CROTTET'),
(187, '1290', 'CRUZILLES LES MEPILLAT'),
(188, '1290', 'PONT DE VEYLE'),
(189, '1290', 'ST ANDRE D HUIRIAT'),
(190, '1290', 'ST JEAN SUR VEYLE'),
(191, '1290', 'BEY'),
(192, '1290', 'CORMORANCHE SUR SAONE'),
(193, '1290', 'LAIZ'),
(194, '1300', 'ANDERT ET CONDON'),
(195, '1300', 'CUZIEU'),
(196, '1300', 'PREMEYZEL'),
(197, '1300', 'BREGNIER CORDON'),
(198, '1300', 'CONZIEU'),
(199, '1300', 'MAGNIEU'),
(200, '1300', 'MARIGNIEU'),
(201, '1300', 'PARVES ET NATTAGES'),
(202, '1300', 'PARVES ET NATTAGES'),
(203, '1300', 'AMBLEON'),
(204, '1300', 'ARBOYS EN BUGEY'),
(205, '1300', 'BELLEY'),
(206, '1300', 'CHAZEY BONS'),
(207, '1300', 'COLOMIEU'),
(208, '1300', 'MURS ET GELIGNIEUX'),
(209, '1300', 'GROSLEE ST BENOIT'),
(210, '1300', 'VIRIGNIN'),
(211, '1300', 'BRENS'),
(212, '1300', 'CONTREVOZ'),
(213, '1300', 'IZIEU'),
(214, '1300', 'MAGNIEU'),
(215, '1300', 'MASSIGNIEU DE RIVES'),
(216, '1300', 'PEYRIEU'),
(217, '1300', 'ST GERMAIN LES PAROISSES'),
(218, '1300', 'ARBOYS EN BUGEY'),
(219, '1310', 'CONFRANCON'),
(220, '1310', 'ST MARTIN LE CHATEL'),
(221, '1310', 'ST REMY'),
(222, '1310', 'BUELLAS'),
(223, '1310', 'BUELLAS'),
(224, '1310', 'CURTAFOND'),
(225, '1310', 'MONTRACOL'),
(226, '1310', 'MONTCET'),
(227, '1310', 'POLLIAT'),
(228, '1320', 'CRANS'),
(229, '1320', 'VILLETTE SUR AIN'),
(230, '1320', 'CHALAMONT'),
(231, '1320', 'ST NIZIER LE DESERT'),
(232, '1320', 'CHATILLON LA PALUD'),
(233, '1320', 'CHATENAY'),
(234, '1330', 'BIRIEUX'),
(235, '1330', 'BOULIGNEUX'),
(236, '1330', 'LAPEYROUSE'),
(237, '1330', 'LE PLANTAY'),
(238, '1330', 'VILLARS LES DOMBES'),
(239, '1330', 'VERSAILLEUX'),
(240, '1330', 'AMBERIEUX EN DOMBES'),
(241, '1330', 'STE OLIVE'),
(242, '1340', 'BRESSE VALLONS'),
(243, '1340', 'MALAFRETAZ'),
(244, '1340', 'MARSONNAS'),
(245, '1340', 'FOISSIAT'),
(246, '1340', 'ATTIGNAT'),
(247, '1340', 'BEREZIAT'),
(248, '1340', 'BRESSE VALLONS'),
(249, '1340', 'JAYAT'),
(250, '1340', 'ST DIDIER D AUSSIAT'),
(251, '1340', 'ST SULPICE'),
(252, '1340', 'MONTREVEL EN BRESSE'),
(253, '1350', 'FLAXIEU'),
(254, '1350', 'LAVOURS'),
(255, '1350', 'BEON'),
(256, '1350', 'CEYZERIEU'),
(257, '1350', 'CRESSIN ROCHEFORT'),
(258, '1350', 'VONGNES'),
(259, '1350', 'ANGLEFORT'),
(260, '1350', 'POLLIEU'),
(261, '1350', 'CULOZ'),
(262, '1360', 'BELIGNEUX'),
(263, '1360', 'BRESSOLLES'),
(264, '1360', 'BALAN'),
(265, '1360', 'BRESSOLLES'),
(266, '1360', 'BELIGNEUX'),
(267, '1360', 'BELIGNEUX'),
(268, '1360', 'BELIGNEUX'),
(269, '1360', 'LOYETTES'),
(270, '1370', 'COURMANGOUX'),
(271, '1370', 'MEILLONNAS'),
(272, '1370', 'VAL REVERMONT'),
(273, '1370', 'VAL REVERMONT'),
(274, '1370', 'BENY'),
(275, '1370', 'ST ETIENNE DU BOIS'),
(276, '1370', 'VAL REVERMONT'),
(277, '1380', 'ST ANDRE DE BAGE'),
(278, '1380', 'ST GENIS SUR MENTHON'),
(279, '1380', 'BAGE LE CHATEL'),
(280, '1380', 'BOISSEY'),
(281, '1380', 'ST CYR SUR MENTHON'),
(282, '1380', 'BAGE DOMMARTIN'),
(283, '1380', 'BAGE DOMMARTIN'),
(284, '1390', 'CIVRIEUX'),
(285, '1390', 'MIONNAY'),
(286, '1390', 'ST MARCEL'),
(287, '1390', 'MONTHIEUX'),
(288, '1390', 'ST ANDRE DE CORCY'),
(289, '1390', 'TRAMOYES'),
(290, '1390', 'RANCE'),
(291, '1390', 'ST JEAN DE THURIGNEUX'),
(292, '1400', 'NEUVILLE LES DAMES'),
(293, '1400', 'ROMANS'),
(294, '1400', 'ST GEORGES SUR RENON'),
(295, '1400', 'CONDEISSIAT'),
(296, '1400', 'L ABERGEMENT CLEMENCIAT'),
(297, '1400', 'SANDRANS'),
(298, '1400', 'SULIGNAT'),
(299, '1400', 'CHANOZ CHATENAY'),
(300, '1400', 'CHATILLON SUR CHALARONNE'),
(301, '1400', 'DOMPIERRE SUR CHALARONNE'),
(302, '1410', 'CHEZERY FORENS'),
(303, '1410', 'CHAMPFROMIER'),
(304, '1410', 'LELEX'),
(305, '1410', 'MIJOUX'),
(306, '1410', 'LAJOUX'),
(307, '1420', 'CHANAY'),
(308, '1420', 'CORBONOD'),
(309, '1420', 'SURJOUX LHOPITAL'),
(310, '1420', 'SURJOUX LHOPITAL'),
(311, '1420', 'SEYSSEL'),
(312, '1430', 'CHEVILLARD'),
(313, '1430', 'LANTENAY'),
(314, '1430', 'ST MARTIN DU FRENE'),
(315, '1430', 'CONDAMINE'),
(316, '1430', 'IZENAVE'),
(317, '1430', 'CEIGNES'),
(318, '1430', 'MAILLAT'),
(319, '1430', 'OUTRIAZ'),
(320, '1430', 'PEYRIAT'),
(321, '1430', 'VIEU D IZENAVE'),
(322, '1440', 'VIRIAT'),
(323, '1450', 'MERIGNAT'),
(324, '1450', 'CERDON'),
(325, '1450', 'CHALLES LA MONTAGNE'),
(326, '1450', 'LEYSSARD'),
(327, '1450', 'PONCIN'),
(328, '1450', 'LABALME'),
(329, '1450', 'BOLOZON'),
(330, '1450', 'ST ALBAN'),
(331, '1450', 'SERRIERES SUR AIN'),
(332, '1460', 'BEARD GEOVREISSIAT'),
(333, '1460', 'PORT'),
(334, '1460', 'BRION'),
(335, '1460', 'MONTREAL LA CLUSE'),
(336, '1460', 'NURIEUX VOLOGNAT'),
(337, '1460', 'NURIEUX VOLOGNAT'),
(338, '1460', 'NANTUA'),
(339, '1470', 'SERRIERES DE BRIORD'),
(340, '1470', 'BENONCES'),
(341, '1470', 'MONTAGNIEU'),
(342, '1470', 'SEILLONNAZ'),
(343, '1470', 'BRIORD'),
(344, '1480', 'JASSANS RIOTTIER'),
(345, '1480', 'MESSIMY SUR SAONE'),
(346, '1480', 'VILLENEUVE'),
(347, '1480', 'ARS SUR FORMANS'),
(348, '1480', 'BEAUREGARD'),
(349, '1480', 'CHALEINS'),
(350, '1480', 'FAREINS'),
(351, '1480', 'FRANS'),
(352, '1480', 'SAVIGNEUX'),
(353, '1500', 'DOUVRES'),
(354, '1500', 'AMBRONAY'),
(355, '1500', 'CHATEAU GAILLARD'),
(356, '1500', 'ST MAURICE DE REMENS'),
(357, '1500', 'BETTANT'),
(358, '1500', 'ST DENIS EN BUGEY'),
(359, '1500', 'AMBERIEU EN BUGEY'),
(360, '1500', 'AMBUTRIX'),
(361, '1510', 'LA BURBANCHE'),
(362, '1510', 'ORDONNAZ'),
(363, '1510', 'CHAZEY BONS'),
(364, '1510', 'ST MARTIN DE BAVEL'),
(365, '1510', 'TALISSIEU'),
(366, '1510', 'ROSSILLON'),
(367, '1510', 'VIRIEU LE GRAND'),
(368, '1510', 'ARMIX'),
(369, '1510', 'ARTEMARE'),
(370, '1510', 'CHEIGNIEU LA BALME'),
(371, '1510', 'ARVIERE EN VALROMEY'),
(372, '1540', 'ST JULIEN SUR VEYLE'),
(373, '1540', 'VONNAS'),
(374, '1540', 'PERREX'),
(375, '1550', 'POUGNY'),
(376, '1550', 'FARGES'),
(377, '1550', 'COLLONGES'),
(378, '1560', 'MANTENAY MONTLIN'),
(379, '1560', 'ST TRIVIER DE COURTES'),
(380, '1560', 'CORMOZ'),
(381, '1560', 'COURTES'),
(382, '1560', 'VERNOUX'),
(383, '1560', 'VESCOURS'),
(384, '1560', 'CURCIAT DONGALON'),
(385, '1560', 'ST JEAN SUR REYSSOUZE'),
(386, '1560', 'SERVIGNAT'),
(387, '1560', 'LESCHEROUX'),
(388, '1560', 'ST JULIEN SUR REYSSOUZE'),
(389, '1560', 'ST NIZIER LE BOUCHOUX'),
(390, '1570', 'ASNIERES SUR SAONE'),
(391, '1570', 'FEILLENS'),
(392, '1570', 'VESINES'),
(393, '1570', 'MANZIAT'),
(394, '1580', 'SAMOGNAT'),
(395, '1580', 'SONTHONNAX LA MONTAGNE'),
(396, '1580', 'IZERNORE'),
(397, '1580', 'MATAFELON GRANGES'),
(398, '1580', 'SONTHONNAX LA MONTAGNE'),
(399, '1580', 'MATAFELON GRANGES'),
(400, '1590', 'DORTAN'),
(401, '1590', 'LAVANCIA EPERCY'),
(402, '1590', 'CHANCIA'),
(403, '1600', 'STE EUPHEMIE'),
(404, '1600', 'MASSIEUX'),
(405, '1600', 'PARCIEUX'),
(406, '1600', 'TOUSSIEUX'),
(407, '1600', 'REYRIEUX'),
(408, '1600', 'ST DIDIER DE FORMANS'),
(409, '1600', 'MISERIEUX'),
(410, '1600', 'ST BERNARD'),
(411, '1600', 'TREVOUX'),
(412, '1630', 'CHALLEX'),
(413, '1630', 'ST GENIS POUILLY'),
(414, '1630', 'ST JEAN DE GONVILLE'),
(415, '1630', 'SERGY'),
(416, '1630', 'PERON'),
(417, '1640', 'JUJURIEUX'),
(418, '1640', 'L ABERGEMENT DE VAREY'),
(419, '1640', 'BOYEUX ST JEROME'),
(420, '1640', 'ST JEAN LE VIEUX'),
(421, '1660', 'MEZERIAT'),
(422, '1660', 'CHAVEYRIAT'),
(423, '1660', 'VANDEINS'),
(424, '1680', 'MARCHAMP'),
(425, '1680', 'GROSLEE ST BENOIT'),
(426, '1680', 'INNIMOND'),
(427, '1680', 'LHUIS'),
(428, '1680', 'LOMPNAS'),
(429, '1700', 'MIRIBEL'),
(430, '1700', 'MIRIBEL'),
(431, '1700', 'ST MAURICE DE BEYNOST'),
(432, '1700', 'BEYNOST'),
(433, '1700', 'MIRIBEL'),
(434, '1700', 'NEYRON'),
(435, '1710', 'THOIRY'),
(436, '1750', 'REPLONGES'),
(437, '1750', 'ST LAURENT SUR SAONE'),
(438, '1750', 'CROTTET'),
(439, '1800', 'BOURG ST CHRISTOPHE'),
(440, '1800', 'MEXIMIEUX'),
(441, '1800', 'PEROUGES'),
(442, '1800', 'ST ELOI'),
(443, '1800', 'VILLIEU LOYES MOLLON'),
(444, '1800', 'ST JEAN DE NIOST'),
(445, '1800', 'CHARNOZ SUR AIN'),
(446, '1800', 'VILLIEU LOYES MOLLON'),
(447, '1800', 'JOYEUX'),
(448, '1800', 'ST MAURICE DE GOURDANS'),
(449, '1800', 'BOURG ST CHRISTOPHE'),
(450, '1800', 'FARAMANS'),
(451, '1800', 'LE MONTELLIER'),
(452, '1800', 'RIGNIEUX LE FRANC'),
(453, '1800', 'VILLIEU LOYES MOLLON'),
(454, '1851', 'MARBOZ'),
(455, '1960', 'SERVAS'),
(456, '1960', 'PERONNAS'),
(457, '1960', 'ST ANDRE SUR VIEUX JONC'),
(458, '1990', 'BANEINS'),
(459, '1990', 'CHANEINS'),
(460, '1990', 'ST TRIVIER SUR MOIGNANS'),
(461, '1990', 'RELEVANT'),
(462, '2000', 'BOURGUIGNON SOUS MONTBAVIN'),
(463, '2000', 'CHAILLEVOIS'),
(464, '2000', 'CHERY LES POUILLY'),
(465, '2000', 'CHIVY LES ETOUVELLES'),
(466, '2000', 'CLACY ET THIERRET'),
(467, '2000', 'MERLIEUX ET FOUQUEROLLES'),
(468, '2000', 'MONAMPTEUIL'),
(469, '2000', 'BRAYE EN LAONNOIS'),
(470, '2000', 'CHAVIGNON'),
(471, '2000', 'LANISCOURT'),
(472, '2000', 'LAON'),
(473, '2000', 'MOLINCHART'),
(474, '2000', 'VAUCELLES ET BEFFECOURT'),
(475, '2000', 'BARENTON CEL'),
(476, '2000', 'CHEVREGNY'),
(477, '2000', 'ETOUVELLES'),
(478, '2000', 'URCEL'),
(479, '2000', 'AULNOIS SOUS LAON'),
(480, '2000', 'BARENTON BUGNY'),
(481, '2000', 'PARGNY FILAIN'),
(482, '2000', 'ROYAUCOURT ET CHAILVET'),
(483, '2000', 'VERNEUIL SUR SERRE'),
(484, '2000', 'CHAMBRY'),
(485, '2000', 'FILAIN'),
(486, '2000', 'MONS EN LAONNOIS'),
(487, '2000', 'MONTBAVIN'),
(488, '2100', 'HARLY'),
(489, '2100', 'ROUVROY'),
(490, '2100', 'LESDINS'),
(491, '2100', 'NEUVILLE ST AMAND'),
(492, '2100', 'REMAUCOURT'),
(493, '2100', 'ST QUENTIN'),
(494, '2100', 'GRICOURT'),
(495, '2100', 'MORCOURT'),
(496, '2100', 'OMISSY'),
(497, '2100', 'ESSIGNY LE PETIT'),
(498, '2100', 'FAYET'),
(499, '2110', 'AISONVILLE ET BERNOVILLE'),
(500, '2110', 'FONTAINE NOTRE DAME'),
(501, '2110', 'GROUGIS'),
(502, '2110', 'VAUX ANDIGNY'),
(503, '2110', 'BECQUIGNY'),
(504, '2110', 'BOHAIN EN VERMANDOIS'),
(505, '2110', 'CROIX FONSOMME'),
(506, '2110', 'ETAVES ET BOCQUIAUX'),
(507, '2110', 'FONTAINE UTERTE'),
(508, '2110', 'MOLAIN'),
(509, '2110', 'MONTBREHAIN'),
(510, '2110', 'MONTIGNY EN ARROUAISE'),
(511, '2110', 'SEBONCOURT'),
(512, '2110', 'LA VALLEE MULATRE'),
(513, '2110', 'BRANCOURT LE GRAND'),
(514, '2110', 'FIEULAINE'),
(515, '2110', 'RIBEAUVILLE'),
(516, '2110', 'ST MARTIN RIVIERE'),
(517, '2110', 'SERAIN'),
(518, '2110', 'BEAUREVOIR'),
(519, '2110', 'FONSOMME'),
(520, '2110', 'PREMONT'),
(521, '2110', 'RAMICOURT'),
(522, '2120', 'COLONFAY'),
(523, '2120', 'FLAVIGNY LE GRAND ET BEAURAIN'),
(524, '2120', 'LANDIFAY ET BERTAIGNEMONT'),
(525, '2120', 'WIEGE FATY'),
(526, '2120', 'CHIGNY'),
(527, '2120', 'PROISY'),
(528, '2120', 'GRAND VERLY'),
(529, '2120', 'HAUTEVILLE'),
(530, '2120', 'MALZY'),
(531, '2120', 'MONCEAU SUR OISE'),
(532, '2120', 'NOYALES'),
(533, '2120', 'PROIX'),
(534, '2120', 'SAINS RICHAUMONT'),
(535, '2120', 'TUPIGNY'),
(536, '2120', 'VADENCOURT'),
(537, '2120', 'VILLERS LES GUISE'),
(538, '2120', 'AUDIGNY'),
(539, '2120', 'LE HERIE LA VIEVILLE'),
(540, '2120', 'LESQUIELLES ST GERMAIN'),
(541, '2120', 'MARLY GOMONT'),
(542, '2120', 'PUISIEUX ET CLANLIEU'),
(543, '2120', 'ROMERY'),
(544, '2120', 'BERNOT'),
(545, '2120', 'CRUPILLY'),
(546, '2120', 'GUISE'),
(547, '2120', 'MACQUIGNY'),
(548, '2120', 'VADENCOURT'),
(549, '2130', 'BRUYERES SUR FERE'),
(550, '2130', 'SERGY'),
(551, '2130', 'VILLERS SUR FERE'),
(552, '2130', 'BEUVARDES'),
(553, '2130', 'COULONGES COHAN'),
(554, '2130', 'FERE EN TARDENOIS'),
(555, '2130', 'RONCHERES'),
(556, '2130', 'VILLENEUVE SUR FERE'),
(557, '2130', 'VILLERS AGRON AIGUIZY'),
(558, '2130', 'ARCY STE RESTITUE'),
(559, '2130', 'DRAVEGNY'),
(560, '2130', 'MAREUIL EN DOLE'),
(561, '2130', 'SERINGES ET NESLES'),
(562, '2130', 'ARCY STE RESTITUE'),
(563, '2130', 'CIERGES'),
(564, '2130', 'CRAMAILLE'),
(565, '2130', 'FRESNES EN TARDENOIS'),
(566, '2130', 'COULONGES COHAN'),
(567, '2130', 'COURMONT'),
(568, '2130', 'GOUSSANCOURT'),
(569, '2130', 'LOUPEIGNE'),
(570, '2130', 'SAPONAY'),
(571, '2130', 'VEZILLY'),
(572, '2140', 'FRANQUEVILLE'),
(573, '2140', 'GERCY'),
(574, '2140', 'GRONARD'),
(575, '2140', 'HOURY'),
(576, '2140', 'LAIGNY'),
(577, '2140', 'LANDOUZY LA VILLE'),
(578, '2140', 'THENAILLES'),
(579, '2140', 'VERVINS'),
(580, '2140', 'LA BOUTEILLE'),
(581, '2140', 'BURELLES'),
(582, '2140', 'DAGNY LAMBERCY'),
(583, '2140', 'ROUGERIES'),
(584, '2140', 'HARCIGNY'),
(585, '2140', 'HARY'),
(586, '2140', 'MARFONTAINE'),
(587, '2140', 'ST PIERRE LES FRANQUEVILLE'),
(588, '2140', 'LE SOURD'),
(589, '2140', 'BANCIGNY'),
(590, '2140', 'HAUTION'),
(591, '2140', 'JEANTES'),
(592, '2140', 'LANDOUZY LA COUR'),
(593, '2140', 'LEME'),
(594, '2140', 'LUGNY'),
(595, '2140', 'ROGNY'),
(596, '2140', 'VOHARIES'),
(597, '2140', 'BRAYE EN THIERACHE'),
(598, '2140', 'FONTAINE LES VERVINS'),
(599, '2140', 'NAMPCELLES LA COUR'),
(600, '2140', 'PLOMION'),
(601, '2140', 'PRISCES'),
(602, '2140', 'ST GOBERT'),
(603, '2140', 'LA VALLEE AU BLE'),
(604, '2140', 'VOULPAIX'),
(605, '2150', 'NIZY LE COMTE'),
(606, '2150', 'LA SELVE'),
(607, '2150', 'LAPPION'),
(608, '2150', 'SISSONNE'),
(609, '2160', 'BOUFFIGNEREUX'),
(610, '2160', 'CUIRY LES CHAUDARDES'),
(611, '2160', 'MEURIVAL'),
(612, '2160', 'MUSCOURT'),
(613, '2160', 'PONTAVERT'),
(614, '2160', 'ROUCY'),
(615, '2160', 'VENDRESSE BEAULNE'),
(616, '2160', 'CRAONNE'),
(617, '2160', 'CRAONNELLE'),
(618, '2160', 'CUISSY ET GENY'),
(619, '2160', 'GUYENCOURT'),
(620, '2160', 'LES SEPTVALLONS'),
(621, '2160', 'OULCHES LA VALLEE FOULON'),
(622, '2160', 'VASSOGNE'),
(623, '2160', 'BEAURIEUX'),
(624, '2160', 'BLANZY LES FISMES'),
(625, '2160', 'CHAUDARDES'),
(626, '2160', 'LES SEPTVALLONS'),
(627, '2160', 'MOULINS'),
(628, '2160', 'OEUILLY'),
(629, '2160', 'PAISSY'),
(630, '2160', 'SOUPIR'),
(631, '2160', 'VIEL ARCY'),
(632, '2160', 'BOURG ET COMIN'),
(633, '2160', 'JUMIGNY'),
(634, '2160', 'LES SEPTVALLONS'),
(635, '2160', 'LES SEPTVALLONS'),
(636, '2160', 'LES SEPTVALLONS'),
(637, '2160', 'MAIZY'),
(638, '2160', 'MOUSSY VERNEUIL'),
(639, '2160', 'PONT ARCY'),
(640, '2160', 'SERVAL'),
(641, '2160', 'CONCEVREUX'),
(642, '2160', 'LES SEPTVALLONS'),
(643, '2160', 'LES SEPTVALLONS'),
(644, '2160', 'LES SEPTVALLONS'),
(645, '2160', 'PARGNAN'),
(646, '2160', 'LA VILLE AUX BOIS LES PONTAVERT'),
(647, '2170', 'BARZY EN THIERACHE'),
(648, '2170', 'ESQUEHERIES'),
(649, '2170', 'LESCHELLE'),
(650, '2170', 'LE NOUVION EN THIERACHE'),
(651, '2170', 'FONTENELLE'),
(652, '2190', 'BERTRICOURT'),
(653, '2190', 'ORAINVILLE'),
(654, '2190', 'PIGNICOURT'),
(655, '2190', 'EVERGNICOURT'),
(656, '2190', 'VILLENEUVE SUR AISNE'),
(657, '2190', 'JUVINCOURT ET DAMARY'),
(658, '2190', 'LA MALMAISON'),
(659, '2190', 'NEUFCHATEL SUR AISNE'),
(660, '2190', 'AGUILCOURT'),
(661, '2190', 'LOR'),
(662, '2190', 'VARISCOURT'),
(663, '2190', 'AMIFONTAINE'),
(664, '2190', 'VILLENEUVE SUR AISNE'),
(665, '2190', 'PROVISEUX ET PLESNOY'),
(666, '2190', 'BERRY AU BAC'),
(667, '2190', 'CONDE SUR SUIPPE'),
(668, '2190', 'PROUVAIS'),
(669, '2200', 'CHAUDUN'),
(670, '2200', 'SEPTMONTS'),
(671, '2200', 'VAUXREZIS'),
(672, '2200', 'VAUXBUIN'),
(673, '2200', 'PASLY'),
(674, '2200', 'PLOISY'),
(675, '2200', 'ROZIERES SUR CRISE'),
(676, '2200', 'VILLENEUVE ST GERMAIN'),
(677, '2200', 'ACY'),
(678, '2200', 'BELLEU'),
(679, '2200', 'BERZY LE SEC'),
(680, '2200', 'BUZANCY'),
(681, '2200', 'CUISY EN ALMONT'),
(682, '2200', 'PERNANT'),
(683, '2200', 'POMMIERS'),
(684, '2200', 'SOISSONS'),
(685, '2200', 'AMBRIEF'),
(686, '2200', 'BILLY SUR AISNE'),
(687, '2200', 'COURMELLES'),
(688, '2200', 'MERCIN ET VAUX'),
(689, '2200', 'MISSY AUX BOIS'),
(690, '2200', 'NAMPTEUIL SOUS MURET'),
(691, '2200', 'SACONIN ET BREUIL'),
(692, '2200', 'CHACRISE'),
(693, '2200', 'NOYANT ET ACONIN'),
(694, '2200', 'VENIZEL'),
(695, '2210', 'ARMENTIERES SUR OURCQ'),
(696, '2210', 'BRENY'),
(697, '2210', 'CHOUY'),
(698, '2210', 'OULCHY LE CHATEAU'),
(699, '2210', 'LE PLESSIER HULEU'),
(700, '2210', 'ROZET ST ALBIN'),
(701, '2210', 'BRECY'),
(702, '2210', 'COINCY'),
(703, '2210', 'LA CROIX SUR OURCQ'),
(704, '2210', 'OULCHY LE CHATEAU'),
(705, '2210', 'PARCY ET TIGNY'),
(706, '2210', 'ST REMY BLANZY'),
(707, '2210', 'VILLEMONTOIRE'),
(708, '2210', 'DROIZY'),
(709, '2210', 'GRISOLLES'),
(710, '2210', 'LATILLY'),
(711, '2210', 'VIERZY'),
(712, '2210', 'BEUGNEUX'),
(713, '2210', 'BILLY SUR OURCQ'),
(714, '2210', 'MONTGRU ST HILAIRE'),
(715, '2210', 'MURET ET CROUTTES'),
(716, '2210', 'NANTEUIL NOTRE DAME'),
(717, '2210', 'OULCHY LA VILLE'),
(718, '2210', 'GRAND ROZOY'),
(719, '2210', 'VICHEL NANTEUIL'),
(720, '2210', 'HARTENNES ET TAUX'),
(721, '2210', 'LAUNOY'),
(722, '2210', 'ROCOURT ST MARTIN'),
(723, '2220', 'BAZOCHES SUR VESLES'),
(724, '2220', 'LHUYS'),
(725, '2220', 'MONT NOTRE DAME'),
(726, '2220', 'MONT ST MARTIN'),
(727, '2220', 'PAARS'),
(728, '2220', 'QUINCY SOUS LE MONT'),
(729, '2220', 'VILLE SAVOYE'),
(730, '2220', 'BRAINE'),
(731, '2220', 'CYS LA COMMUNE'),
(732, '2220', 'TANNIERES'),
(733, '2220', 'VASSENY'),
(734, '2220', 'VAUXTIN'),
(735, '2220', 'BRENELLE'),
(736, '2220', 'CUIRY HOUSSE'),
(737, '2220', 'LESGES'),
(738, '2220', 'LIME'),
(739, '2220', 'SERMOISE'),
(740, '2220', 'AUGY'),
(741, '2220', 'BRUYS'),
(742, '2220', 'CHERY CHARTREUVE'),
(743, '2220', 'JOUAIGNES'),
(744, '2220', 'MAAST ET VIOLAINE'),
(745, '2220', 'ST MARD'),
(746, '2220', 'SERCHES'),
(747, '2220', 'CERSEUIL'),
(748, '2220', 'CIRY SALSOGNE'),
(749, '2220', 'COURCELLES SUR VESLE'),
(750, '2220', 'COUVRELLES'),
(751, '2220', 'DHUIZEL'),
(752, '2220', 'ST THIBAUT'),
(753, '2230', 'FRESNOY LE GRAND'),
(754, '2240', 'ITANCOURT'),
(755, '2240', 'RENANSART'),
(756, '2240', 'BERTHENICOURT'),
(757, '2240', 'BRISSY HAMEGICOURT'),
(758, '2240', 'RIBEMONT'),
(759, '2240', 'SERY LES MEZIERES'),
(760, '2240', 'SISSY'),
(761, '2240', 'SURFONTAINE'),
(762, '2240', 'VILLERS LE SEC'),
(763, '2240', 'BRISSAY CHOIGNY'),
(764, '2240', 'CHATILLON SUR OISE'),
(765, '2240', 'PARPEVILLE'),
(766, '2240', 'REGNY'),
(767, '2240', 'ALAINCOURT'),
(768, '2240', 'CERIZY'),
(769, '2240', 'MEZIERES SUR OISE'),
(770, '2240', 'PLEINE SELVE'),
(771, '2250', 'AUTREMENCOURT'),
(772, '2250', 'CHEVENNES'),
(773, '2250', 'CILLY'),
(774, '2250', 'ERLON'),
(775, '2250', 'MONTIGNY SOUS MARLE'),
(776, '2250', 'ST PIERREMONT'),
(777, '2250', 'THIERNU'),
(778, '2250', 'TOULIS ET ATTENCOURT'),
(779, '2250', 'HOUSSET'),
(780, '2250', 'MARCY SOUS MARLE'),
(781, '2250', 'LA NEUVILLE HOUSSET'),
(782, '2250', 'BERLANCOURT'),
(783, '2250', 'MARLE'),
(784, '2250', 'LA NEUVILLE BOSMONT'),
(785, '2250', 'BOSMONT SUR SERRE'),
(786, '2250', 'TAVAUX ET PONTSERICOURT'),
(787, '2250', 'MONTIGNY LE FRANC'),
(788, '2250', 'VOYENNE'),
(789, '2260', 'FROIDESTREES'),
(790, '2260', 'ROCQUIGNY'),
(791, '2260', 'GERGNY'),
(792, '2260', 'LERZY'),
(793, '2260', 'LA CAPELLE'),
(794, '2260', 'PAPLEUX'),
(795, '2260', 'ENGLANCOURT'),
(796, '2260', 'LA FLAMENGRIE'),
(797, '2260', 'SOMMERON'),
(798, '2260', 'CLAIRFONTAINE'),
(799, '2260', 'ERLOY'),
(800, '2260', 'ST ALGIS'),
(801, '2270', 'COUVRON ET AUMENCOURT'),
(802, '2270', 'FROIDMONT COHARTILLE'),
(803, '2270', 'BARENTON SUR SERRE'),
(804, '2270', 'LA FERTE CHEVRESIS'),
(805, '2270', 'MESBRECOURT RICHECOURT'),
(806, '2270', 'MORTIERS'),
(807, '2270', 'NOUVION ET CATILLON'),
(808, '2270', 'PARGNY LES BOIS'),
(809, '2270', 'ASSIS SUR SERRE'),
(810, '2270', 'CHATILLON LES SONS'),
(811, '2270', 'DERCY'),
(812, '2270', 'MONCEAU LE NEUF ET FAUCOUZY'),
(813, '2270', 'MONTIGNY SUR CRECY'),
(814, '2270', 'SONS ET RONCHERES'),
(815, '2270', 'BOIS LES PARGNY'),
(816, '2270', 'CHALANDRY'),
(817, '2270', 'CRECY SUR SERRE'),
(818, '2270', 'MONCEAU LES LEUPS'),
(819, '2270', 'POUILLY SUR SERRE'),
(820, '2270', 'REMIES'),
(821, '2270', 'CHEVRESIS MONCEAU'),
(822, '2270', 'NOUVION ET CATILLON'),
(823, '2290', 'VEZAPONIN'),
(824, '2290', 'NOUVRON VINGRE'),
(825, '2290', 'TARTIERS'),
(826, '2290', 'BERNY RIVIERE'),
(827, '2290', 'VIC SUR AISNE'),
(828, '2290', 'AMBLENY'),
(829, '2290', 'BIEUXY'),
(830, '2290', 'EPAGNY'),
(831, '2290', 'MONTIGNY LENGRAIN'),
(832, '2290', 'MORSAIN'),
(833, '2290', 'ST CHRISTOPHE A BERRY'),
(834, '2290', 'VASSENS'),
(835, '2290', 'BAGNEUX'),
(836, '2290', 'FONTENOY'),
(837, '2290', 'OSLY COURTIL'),
(838, '2290', 'RESSONS LE LONG'),
(839, '2290', 'ST BANDRY'),
(840, '2300', 'CAILLOUEL CREPIGNY'),
(841, '2300', 'CAMELIN'),
(842, '2300', 'LA NEUVILLE EN BEINE'),
(843, '2300', 'OGNES'),
(844, '2300', 'ST AUBIN'),
(845, '2300', 'CAUMONT'),
(846, '2300', 'COMMENCHON'),
(847, '2300', 'MANICAMP'),
(848, '2300', 'SELENS'),
(849, '2300', 'TROSLY LOIRE'),
(850, '2300', 'AUTREVILLE'),
(851, '2300', 'BICHANCOURT'),
(852, '2300', 'MAREST DAMPCOURT'),
(853, '2300', 'PIERREMANDE'),
(854, '2300', 'QUIERZY'),
(855, '2300', 'VIRY NOUREUIL'),
(856, '2300', 'BEAUMONT EN BEINE'),
(857, '2300', 'BOURGUIGNON SOUS COUCY'),
(858, '2300', 'CAMELIN'),
(859, '2300', 'CHAUNY'),
(860, '2300', 'GUIVRY'),
(861, '2300', 'ST PAUL AUX BOIS'),
(862, '2300', 'SINCENY'),
(863, '2300', 'ABBECOURT'),
(864, '2300', 'AUDIGNICOURT'),
(865, '2300', 'BESME'),
(866, '2300', 'BETHANCOURT EN VAUX'),
(867, '2300', 'BLERANCOURT'),
(868, '2300', 'GUNY'),
(869, '2300', 'NEUFLIEUX'),
(870, '2300', 'UGNY LE GAY'),
(871, '2300', 'VILLEQUIER AUMONT'),
(872, '2310', 'CHARLY SUR MARNE'),
(873, '2310', 'PAVANT'),
(874, '2310', 'BEZU LE GUERY'),
(875, '2310', 'CROUTTES SUR MARNE'),
(876, '2310', 'COUPRU'),
(877, '2310', 'DOMPTIN'),
(878, '2310', 'MONTREUIL AUX LIONS'),
(879, '2310', 'NOGENT L ARTAUD'),
(880, '2310', 'ROMENY SUR MARNE'),
(881, '2310', 'VILLIERS ST DENIS'),
(882, '2310', 'SAULCHERY'),
(883, '2320', 'BRANCOURT EN LAONNOIS'),
(884, '2320', 'CESSIERES SUZY'),
(885, '2320', 'WISSIGNICOURT'),
(886, '2320', 'ANIZY LE GRAND'),
(887, '2320', 'PREMONTRE'),
(888, '2320', 'VAUDESSON'),
(889, '2320', 'VAUXAILLON'),
(890, '2320', 'ALLEMANT'),
(891, '2320', 'ANIZY LE GRAND'),
(892, '2320', 'CESSIERES SUZY'),
(893, '2320', 'PINON'),
(894, '2320', 'ANIZY LE GRAND'),
(895, '2330', 'CELLES LES CONDE'),
(896, '2330', 'VALLEES EN CHAMPAGNE'),
(897, '2330', 'DHUYS ET MORIN EN BRIE'),
(898, '2330', 'VALLEES EN CHAMPAGNE'),
(899, '2330', 'MONTIGNY LES CONDE'),
(900, '2330', 'ST EUGENE'),
(901, '2330', 'CONDE EN BRIE'),
(902, '2330', 'MONTLEVON'),
(903, '2330', 'VALLEES EN CHAMPAGNE'),
(904, '2330', 'CONNIGIS'),
(905, '2330', 'COURBOIN'),
(906, '2330', 'MONTHUREL'),
(907, '2330', 'PARGNY LA DHUYS'),
(908, '2340', 'DIZY LE GROS'),
(909, '2340', 'AGNICOURT ET SECHELLES'),
(910, '2340', 'BERLISE'),
(911, '2340', 'CHAOURSE'),
(912, '2340', 'STE GENEVIEVE'),
(913, '2340', 'SOIZE'),
(914, '2340', 'VIGNEUX HOCQUET'),
(915, '2340', 'VINCY REUIL ET MAGNY'),
(916, '2340', 'CLERMONT LES FERMES'),
(917, '2340', 'MONTCORNET'),
(918, '2340', 'RENNEVAL'),
(919, '2340', 'MONTLOUE'),
(920, '2340', 'NOIRCOURT'),
(921, '2340', 'LE THUEL'),
(922, '2340', 'LISLET'),
(923, '2340', 'LA VILLE AUX BOIS LES DIZY'),
(924, '2350', 'BONCOURT'),
(925, '2350', 'MACHECOURT'),
(926, '2350', 'CUIRIEUX'),
(927, '2350', 'GIZY'),
(928, '2350', 'GRANDLUP ET FAY'),
(929, '2350', 'LIESSE NOTRE DAME'),
(930, '2350', 'MARCHAIS'),
(931, '2350', 'PIERREPONT'),
(932, '2350', 'VESLES ET CAUMONT'),
(933, '2350', 'BUCY LES PIERREPONT'),
(934, '2350', 'EBOULEAU'),
(935, '2350', 'MISSY LES PIERREPONT'),
(936, '2350', 'STE PREUVE'),
(937, '2350', 'CHIVRES EN LAONNOIS'),
(938, '2350', 'GOUDELANCOURT LES PIERREPONT'),
(939, '2360', 'ARCHON'),
(940, '2360', 'COINGT'),
(941, '2360', 'CUIRY LES IVIERS'),
(942, '2360', 'DOLIGNON'),
(943, '2360', 'IVIERS'),
(944, '2360', 'MORGNY EN THIERACHE'),
(945, '2360', 'PARFONDEVAL'),
(946, '2360', 'RESIGNY'),
(947, '2360', 'ROUVROY SUR SERRE'),
(948, '2360', 'DOHIS'),
(949, '2360', 'MONT ST JEAN'),
(950, '2360', 'RAILLIMONT'),
(951, '2360', 'ROZOY SUR SERRE'),
(952, '2360', 'GRANDRIEUX'),
(953, '2360', 'ST CLEMENT'),
(954, '2360', 'BRUNEHAMEL'),
(955, '2360', 'LES AUTELS'),
(956, '2360', 'CHERY LES ROZOY'),
(957, '2370', 'AIZY JOUY'),
(958, '2370', 'CHAVONNE'),
(959, '2370', 'CHASSEMY'),
(960, '2370', 'CONDE SUR AISNE'),
(961, '2370', 'CELLES SUR AISNE'),
(962, '2370', 'OSTEL'),
(963, '2370', 'AIZY JOUY'),
(964, '2370', 'PRESLES ET BOVES'),
(965, '2370', 'VAILLY SUR AISNE'),
(966, '2380', 'COUCY LE CHATEAU AUFFRIQUE'),
(967, '2380', 'COUCY LA VILLE'),
(968, '2380', 'PONT ST MARD'),
(969, '2380', 'CRECY AU MONT'),
(970, '2380', 'JUMENCOURT'),
(971, '2380', 'BASSOLES AULERS'),
(972, '2380', 'FRESNES SOUS COUCY'),
(973, '2380', 'LEUILLY SOUS COUCY'),
(974, '2380', 'QUINCY BASSE'),
(975, '2380', 'VERNEUIL SOUS COUCY'),
(976, '2380', 'LANDRICOURT'),
(977, '2390', 'MONT D ORIGNY'),
(978, '2390', 'ORIGNY STE BENOITE'),
(979, '2390', 'THENELLES'),
(980, '2390', 'NEUVILLETTE'),
(981, '2400', 'BLESMES'),
(982, '2400', 'CHIERRY'),
(983, '2400', 'ESSOMES SUR MARNE'),
(984, '2400', 'LUCY LE BOCAGE'),
(985, '2400', 'MONT ST PERE'),
(986, '2400', 'AZY SUR MARNE'),
(987, '2400', 'BEZU ST GERMAIN'),
(988, '2400', 'BONNEIL'),
(989, '2400', 'CHARTEVES'),
(990, '2400', 'MONTHIERS'),
(991, '2400', 'NOGENTEL'),
(992, '2400', 'VERDILLY'),
(993, '2400', 'NESLES LA MONTAGNE'),
(994, '2400', 'BONNESVALYN'),
(995, '2400', 'BRASLES'),
(996, '2400', 'ETAMPES SUR MARNE'),
(997, '2400', 'ETREPILLY'),
(998, '2400', 'BELLEAU'),
(999, '2400', 'BOURESCHES'),
(1000, '2400', 'CHATEAU THIERRY'),
(1001, '2400', 'EPAUX BEZU'),
(1002, '2400', 'EPIEDS'),
(1003, '2400', 'GLAND'),
(1004, '2410', 'SEPTVAUX'),
(1005, '2410', 'ST GOBAIN'),
(1006, '2410', 'ST NICOLAS AUX BOIS'),
(1007, '2420', 'GOUY'),
(1008, '2420', 'LEVERGIES'),
(1009, '2420', 'NAUROY'),
(1010, '2420', 'SEQUEHART'),
(1011, '2420', 'VENDHUILE'),
(1012, '2420', 'LEMPIRE'),
(1013, '2420', 'AUBENCHEUL AUX BOIS'),
(1014, '2420', 'HARGICOURT'),
(1015, '2420', 'JONCOURT'),
(1016, '2420', 'VILLERET'),
(1017, '2420', 'BELLICOURT'),
(1018, '2420', 'BONY'),
(1019, '2420', 'LE CATELET'),
(1020, '2420', 'LEHAUCOURT'),
(1021, '2420', 'BELLENGLISE'),
(1022, '2420', 'ESTREES'),
(1023, '2420', 'MAGNY LA FOSSE'),
(1024, '2430', 'GAUCHY'),
(1025, '2440', 'BENAY'),
(1026, '2440', 'MONTESCOURT LIZEROLLES'),
(1027, '2440', 'HINACOURT'),
(1028, '2440', 'LY FONTAINE'),
(1029, '2440', 'REMIGNY'),
(1030, '2440', 'GIBERCOURT'),
(1031, '2440', 'CLASTRES'),
(1032, '2450', 'BERGUES SUR SAMBRE'),
(1033, '2450', 'DORENGT'),
(1034, '2450', 'OISY'),
(1035, '2450', 'FESMY LE SART'),
(1036, '2450', 'LAVAQUERESSE'),
(1037, '2450', 'LA NEUVILLE LES DORENGT'),
(1038, '2450', 'BOUE'),
(1039, '2450', 'FESMY LE SART'),
(1040, '2460', 'SILLY LA POTERIE'),
(1041, '2460', 'LA FERTE MILON'),
(1042, '2460', 'LA FERTE MILON'),
(1043, '2460', 'TROESNES'),
(1044, '2470', 'NEUILLY ST FRONT'),
(1045, '2470', 'PASSY EN VALOIS'),
(1046, '2470', 'MACOGNY'),
(1047, '2470', 'PRIEZ'),
(1048, '2470', 'MONNES'),
(1049, '2470', 'SOMMELANS'),
(1050, '2470', 'DAMMARD'),
(1051, '2470', 'MARIZY STE GENEVIEVE'),
(1052, '2470', 'MARIZY ST MARD'),
(1053, '2480', 'ANNOIS'),
(1054, '2480', 'CUGNY'),
(1055, '2480', 'ARTEMPS'),
(1056, '2480', 'PITHON'),
(1057, '2480', 'SOMMETTE EAUCOURT'),
(1058, '2480', 'BRAY ST CHRISTOPHE'),
(1059, '2480', 'JUSSY'),
(1060, '2480', 'DURY'),
(1061, '2480', 'HAPPENCOURT'),
(1062, '2480', 'OLLEZY'),
(1063, '2490', 'VENDELLES'),
(1064, '2490', 'JEANCOURT'),
(1065, '2490', 'PONTRU'),
(1066, '2490', 'VERMAND'),
(1067, '2490', 'CAULAINCOURT'),
(1068, '2490', 'TREFCON'),
(1069, '2490', 'ATTILLY'),
(1070, '2490', 'PONTRUET'),
(1071, '2490', 'LE VERGUIER'),
(1072, '2490', 'MAISSEMY'),
(1073, '2500', 'AUBENTON'),
(1074, '2500', 'BESMONT'),
(1075, '2500', 'BUCILLY'),
(1076, '2500', 'EFFRY'),
(1077, '2500', 'LEUZE'),
(1078, '2500', 'LUZOIR'),
(1079, '2500', 'NEUVE MAISON'),
(1080, '2500', 'ANY MARTIN RIEUX'),
(1081, '2500', 'HIRSON'),
(1082, '2500', 'LOGNY LES AUBENTON'),
(1083, '2500', 'BUIRE'),
(1084, '2500', 'WIMY'),
(1085, '2500', 'BEAUME'),
(1086, '2500', 'EPARCY'),
(1087, '2500', 'MARTIGNY'),
(1088, '2500', 'MONDREPUIS'),
(1089, '2500', 'LA HERIE'),
(1090, '2500', 'OHIS'),
(1091, '2510', 'ETREUX'),
(1092, '2510', 'IRON'),
(1093, '2510', 'HANNAPES'),
(1094, '2510', 'VENEROLLES'),
(1095, '2520', 'FLAVY LE MARTEL'),
(1096, '2540', 'L EPINE AUX BOIS'),
(1097, '2540', 'DHUYS ET MORIN EN BRIE'),
(1098, '2540', 'ROZOY BELLEVALLE'),
(1099, '2540', 'VIELS MAISONS'),
(1100, '2540', 'DHUYS ET MORIN EN BRIE'),
(1101, '2540', 'DHUYS ET MORIN EN BRIE'),
(1102, '2540', 'VENDIERES'),
(1103, '2540', 'VIFFORT'),
(1104, '2540', 'MONTFAUCON'),
(1105, '2550', 'ORIGNY EN THIERACHE'),
(1106, '2570', 'ESSISES'),
(1107, '2570', 'CHEZY SUR MARNE'),
(1108, '2570', 'LA CHAPELLE SUR CHEZY'),
(1109, '2580', 'AUTREPPES'),
(1110, '2580', 'ETREAUPONT'),
(1111, '2580', 'SORBAIS'),
(1112, '2590', 'FORESTE'),
(1113, '2590', 'SAVY'),
(1114, '2590', 'AUBIGNY AUX KAISNES'),
(1115, '2590', 'DOUCHY'),
(1116, '2590', 'VAUX EN VERMANDOIS'),
(1117, '2590', 'GERMAINE'),
(1118, '2590', 'BEAUVOIS EN VERMANDOIS'),
(1119, '2590', 'LANCHY'),
(1120, '2590', 'ROUPY'),
(1121, '2590', 'VILLERS ST CHRISTOPHE'),
(1122, '2590', 'ETREILLERS'),
(1123, '2590', 'FLUQUIERES'),
(1124, '2600', 'COYOLLES'),
(1125, '2600', 'DAMPLEUX'),
(1126, '2600', 'DOMMIERS'),
(1127, '2600', 'LAVERSINE'),
(1128, '2600', 'NOROY SUR OURCQ'),
(1129, '2600', 'OIGNY EN VALOIS'),
(1130, '2600', 'PUISEUX EN RETZ'),
(1131, '2600', 'RETHEUIL'),
(1132, '2600', 'SOUCY'),
(1133, '2600', 'ANCIENVILLE'),
(1134, '2600', 'COEUVRES ET VALSERY'),
(1135, '2600', 'FLEURY'),
(1136, '2600', 'HARAMONT'),
(1137, '2600', 'LOUATRE'),
(1138, '2600', 'ST PIERRE AIGLE'),
(1139, '2600', 'TAILLEFONTAINE'),
(1140, '2600', 'VIVIERES'),
(1141, '2600', 'LARGNY SUR AUTOMNE'),
(1142, '2600', 'LONGPONT'),
(1143, '2600', 'VILLERS COTTERETS'),
(1144, '2600', 'FAVEROLLES'),
(1145, '2600', 'MORTEFONTAINE'),
(1146, '2600', 'VILLERS COTTERETS'),
(1147, '2600', 'CORCY'),
(1148, '2600', 'CUTRY'),
(1149, '2600', 'MONTGOBERT'),
(1150, '2600', 'VILLERS HELON'),
(1151, '2610', 'MOY DE L AISNE'),
(1152, '2620', 'BUIRONFOSSE'),
(1153, '2630', 'WASSIGNY'),
(1154, '2630', 'MENNEVRET'),
(1155, '2630', 'PETIT VERLY'),
(1156, '2640', 'ST SIMON'),
(1157, '2640', 'TUGNY ET PONT'),
(1158, '2650', 'FOSSOY'),
(1159, '2650', 'CREZANCY'),
(1160, '2650', 'MEZY MOULINS'),
(1161, '2670', 'CHAMPS'),
(1162, '2670', 'FOLEMBRAY'),
(1163, '2680', 'DALLON'),
(1164, '2680', 'FONTAINE LES CLERCS'),
(1165, '2680', 'GRUGIES'),
(1166, '2680', 'CONTESCOURT'),
(1167, '2680', 'CASTRES'),
(1168, '2690', 'URVILLERS'),
(1169, '2690', 'ESSIGNY LE GRAND'),
(1170, '2700', 'LIEZ'),
(1171, '2700', 'TERGNIER'),
(1172, '2700', 'AMIGNY ROUY'),
(1173, '2700', 'TERGNIER'),
(1174, '2700', 'CONDREN'),
(1175, '2700', 'DEUILLET'),
(1176, '2700', 'TERGNIER'),
(1177, '2700', 'TERGNIER'),
(1178, '2700', 'FRIERES FAILLOUEL'),
(1179, '2700', 'MENNESSIS'),
(1180, '2700', 'BARISIS AUX BOIS'),
(1181, '2700', 'SERVAIS'),
(1182, '2720', 'HOMBLIERES'),
(1183, '2720', 'MARCY'),
(1184, '2720', 'MESNIL ST LAURENT'),
(1185, '2760', 'FRANCILLY SELENCY'),
(1186, '2760', 'HOLNON'),
(1187, '2790', 'SERAUCOURT LE GRAND'),
(1188, '2800', 'ANGUILCOURT LE SART'),
(1189, '2800', 'BEAUTOR'),
(1190, '2800', 'LA FERE'),
(1191, '2800', 'ACHERY'),
(1192, '2800', 'ANDELAIN'),
(1193, '2800', 'BERTAUCOURT EPOURDON'),
(1194, '2800', 'CHARMES'),
(1195, '2800', 'COURBES'),
(1196, '2800', 'ROGECOURT'),
(1197, '2800', 'TRAVECY'),
(1198, '2800', 'VENDEUIL'),
(1199, '2800', 'MAYOT'),
(1200, '2800', 'DANIZY'),
(1201, '2800', 'FRESSANCOURT'),
(1202, '2800', 'VERSIGNY'),
(1203, '2800', 'NOUVION LE COMTE'),
(1204, '2810', 'LICY CLIGNON'),
(1205, '2810', 'ST GENGOULPH'),
(1206, '2810', 'BUSSIARES'),
(1207, '2810', 'HAUTEVESNES'),
(1208, '2810', 'TORCY EN VALOIS'),
(1209, '2810', 'BRUMETZ'),
(1210, '2810', 'MONTIGNY L ALLIER'),
(1211, '2810', 'COURCHAMPS'),
(1212, '2810', 'VEUILLY LA POTERIE'),
(1213, '2810', 'CHEZY EN ORXOIS'),
(1214, '2810', 'GANDELU'),
(1215, '2810', 'MARIGNY EN ORXOIS'),
(1216, '2820', 'CORBENY'),
(1217, '2820', 'MAUREGNY EN HAYE'),
(1218, '2820', 'MONTAIGU'),
(1219, '2820', 'ST THOMAS'),
(1220, '2820', 'AIZELLES'),
(1221, '2820', 'COURTRIZY ET FUSSIGNY'),
(1222, '2820', 'BERRIEUX'),
(1223, '2820', 'AUBIGNY EN LAONNOIS'),
(1224, '2820', 'GOUDELANCOURT LES BERRIEUX'),
(1225, '2820', 'STE CROIX'),
(1226, '2820', 'ST ERME OUTRE ET RAMECOURT'),
(1227, '2830', 'ST MICHEL'),
(1228, '2830', 'WATIGNY'),
(1229, '2840', 'FESTIEUX'),
(1230, '2840', 'SAMOUSSY'),
(1231, '2840', 'VESLUD'),
(1232, '2840', 'ATHIES SOUS LAON'),
(1233, '2840', 'MONCEAU LE WAAST'),
(1234, '2840', 'COUCY LES EPPES'),
(1235, '2840', 'EPPES'),
(1236, '2840', 'PARFONDRU'),
(1237, '2850', 'JAULGONNE'),
(1238, '2850', 'PASSY SUR MARNE'),
(1239, '2850', 'LE CHARMEL'),
(1240, '2850', 'BARZY SUR MARNE'),
(1241, '2850', 'COURTEMONT VARENNES'),
(1242, '2850', 'TRELOU SUR MARNE'),
(1243, '2850', 'REUILLY SAUVIGNY'),
(1244, '2860', 'ARRANCY'),
(1245, '2860', 'CHERMIZY AILLES'),
(1246, '2860', 'LIERVAL'),
(1247, '2860', 'PANCY COURTECON'),
(1248, '2860', 'VORGES'),
(1249, '2860', 'BOUCONVILLE VAUCLAIR'),
(1250, '2860', 'COLLIGIS CRANDELAIN'),
(1251, '2860', 'LAVAL EN LAONNOIS'),
(1252, '2860', 'MONTHENAULT'),
(1253, '2860', 'CERNY EN LAONNOIS'),
(1254, '2860', 'CHERET'),
(1255, '2860', 'ORGEVAL'),
(1256, '2860', 'PLOYART ET VAURSEINE'),
(1257, '2860', 'PRESLES ET THIERNY'),
(1258, '2860', 'TRUCY'),
(1259, '2860', 'BRUYERES ET MONTBERAULT'),
(1260, '2860', 'MARTIGNY COURPIERRE'),
(1261, '2860', 'NEUVILLE SUR AILETTE'),
(1262, '2860', 'NOUVION LE VINEUX'),
(1263, '2860', 'BIEVRES'),
(1264, '2860', 'CHAMOUILLE'),
(1265, '2860', 'MONTCHALONS'),
(1266, '2870', 'CERNY LES BUCY'),
(1267, '2870', 'BRIE'),
(1268, '2870', 'BUCY LES CERNY'),
(1269, '2870', 'VIVAISE'),
(1270, '2870', 'CREPY'),
(1271, '2870', 'FOURDRAIN'),
(1272, '2870', 'BESNY ET LOIZY'),
(1273, '2880', 'CROUY'),
(1274, '2880', 'CUFFIES'),
(1275, '2880', 'LEURY'),
(1276, '2880', 'MARGIVAL'),
(1277, '2880', 'SANCY LES CHEMINOTS'),
(1278, '2880', 'CHIVRES VAL'),
(1279, '2880', 'NEUVILLE SUR MARGIVAL'),
(1280, '2880', 'VREGNY'),
(1281, '2880', 'VUILLERY'),
(1282, '2880', 'BUCY LE LONG'),
(1283, '2880', 'CLAMECY'),
(1284, '2880', 'MISSY SUR AISNE'),
(1285, '2880', 'TERNY SORNY'),
(1286, '2880', 'BRAYE'),
(1287, '2880', 'CHAVIGNY'),
(1288, '2880', 'JUVIGNY'),
(1289, '2880', 'LAFFAUX'),
(1290, '2880', 'NANTEUIL LA FOSSE'),
(1291, '3000', 'AVERMES'),
(1292, '3000', 'MONTILLY'),
(1293, '3000', 'MOULINS'),
(1294, '3000', 'NEUVY'),
(1295, '3000', 'BRESSOLLES'),
(1296, '3000', 'COULANDON'),
(1297, '3100', 'MONTLUCON'),
(1298, '3100', 'LAVAULT STE ANNE'),
(1299, '3110', 'COGNAT LYONNE'),
(1300, '3110', 'ST DIDIER LA FORET'),
(1301, '3110', 'ST REMY EN ROLLAT'),
(1302, '3110', 'BROUT VERNET'),
(1303, '3110', 'VENDAT'),
(1304, '3110', 'ESCUROLLES'),
(1305, '3110', 'ESPINASSE VOZELLE'),
(1306, '3110', 'ST PONT'),
(1307, '3110', 'CHARMEIL'),
(1308, '3120', 'ANDELAROCHE'),
(1309, '3120', 'DROITURIER'),
(1310, '3120', 'LAPALISSE'),
(1311, '3120', 'ST CHRISTOPHE'),
(1312, '3120', 'SERVILLY'),
(1313, '3120', 'CHATELUS'),
(1314, '3120', 'PERIGNY'),
(1315, '3120', 'ST PRIX'),
(1316, '3120', 'LE BREUIL'),
(1317, '3120', 'ARFEUILLES'),
(1318, '3120', 'BARRAIS BUSSOLLES'),
(1319, '3120', 'BILLEZOIS'),
(1320, '3120', 'ISSERPENT'),
(1321, '3130', 'LE BOUCHAUD'),
(1322, '3130', 'LE DONJON'),
(1323, '3130', 'LODDES'),
(1324, '3130', 'AVRILLY'),
(1325, '3130', 'ST LEGER SUR VOUZANCE'),
(1326, '3130', 'BERT'),
(1327, '3130', 'LIERNOLLES'),
(1328, '3130', 'MONTAIGUET EN FOREZ'),
(1329, '3130', 'LUNEAU'),
(1330, '3130', 'NEUILLY EN DONJON'),
(1331, '3130', 'ST DIDIER EN DONJON'),
(1332, '3130', 'LENAX'),
(1333, '3130', 'MONTCOMBROUX LES MINES'),
(1334, '3130', 'LE PIN'),
(1335, '3140', 'CHAREIL CINTRAT'),
(1336, '3140', 'CHEZELLE'),
(1337, '3140', 'ETROUSSAT'),
(1338, '3140', 'MONESTIER'),
(1339, '3140', 'FOURILLES'),
(1340, '3140', 'BARBERIER'),
(1341, '3140', 'CHANTELLE'),
(1342, '3140', 'CHARROUX'),
(1343, '3140', 'DENEUILLE LES CHANTELLE'),
(1344, '3140', 'TAXAT SENAT'),
(1345, '3140', 'FLEURIEL'),
(1346, '3140', 'ST GERMAIN DE SALLES'),
(1347, '3140', 'TARGET'),
(1348, '3140', 'USSEL D ALLIER'),
(1349, '3140', 'VOUSSAC'),
(1350, '3150', 'RONGERES'),
(1351, '3150', 'SANSSAT'),
(1352, '3150', 'MONTOLDRE'),
(1353, '3150', 'ST GERAND LE PUY'),
(1354, '3150', 'ST LOUP'),
(1355, '3150', 'BOUCE'),
(1356, '3150', 'MONTAIGU LE BLIN'),
(1357, '3150', 'CRECHY'),
(1358, '3150', 'LANGY'),
(1359, '3150', 'VARENNES SUR ALLIER'),
(1360, '3160', 'BOURBON L ARCHAMBAULT'),
(1361, '3160', 'ST LEOPARDIN D AUGY'),
(1362, '3160', 'COUZON'),
(1363, '3160', 'ST AUBIN LE MONIAL'),
(1364, '3160', 'YGRANDE'),
(1365, '3160', 'FRANCHESSE'),
(1366, '3160', 'ST PLAISIR'),
(1367, '3170', 'CHAMBLET'),
(1368, '3170', 'BEZENET'),
(1369, '3170', 'BIZENEUILLE'),
(1370, '3170', 'ST ANGEL'),
(1371, '3170', 'DENEUILLE LES MINES'),
(1372, '3170', 'DOYET'),
(1373, '3170', 'MONTVICQ'),
(1374, '3190', 'HERISSON'),
(1375, '3190', 'VALLON EN SULLY'),
(1376, '3190', 'VAUX'),
(1377, '3190', 'VENAS'),
(1378, '3190', 'VERNEIX'),
(1379, '3190', 'AUDES'),
(1380, '3190', 'ESTIVAREILLES'),
(1381, '3190', 'HAUT BOCAGE'),
(1382, '3190', 'NASSIGNY'),
(1383, '3190', 'ST CAPRAIS'),
(1384, '3190', 'HAUT BOCAGE'),
(1385, '3190', 'HAUT BOCAGE'),
(1386, '3190', 'REUGNY'),
(1387, '3200', 'ABREST'),
(1388, '3200', 'LE VERNET'),
(1389, '3200', 'VICHY'),
(1390, '3210', 'AGONGES'),
(1391, '3210', 'BESSON'),
(1392, '3210', 'CHEMILLY'),
(1393, '3210', 'SOUVIGNY'),
(1394, '3210', 'AUTRY ISSARDS'),
(1395, '3210', 'MEILLERS'),
(1396, '3210', 'CHATILLON'),
(1397, '3210', 'MARIGNY'),
(1398, '3210', 'GIPCY'),
(1399, '3210', 'ST MENOUX'),
(1400, '3210', 'BRESNAY'),
(1401, '3210', 'NOYANT D ALLIER'),
(1402, '3220', 'CHAVROCHES'),
(1403, '3220', 'SORBIER'),
(1404, '3220', 'JALIGNY SUR BESBRE'),
(1405, '3220', 'THIONNE'),
(1406, '3220', 'ST LEON'),
(1407, '3220', 'ST VOIR'),
(1408, '3220', 'TREZELLES'),
(1409, '3220', 'VARENNES SUR TECHE'),
(1410, '3220', 'CHATELPERRON'),
(1411, '3220', 'CINDRE'),
(1412, '3220', 'TRETEAU'),
(1413, '3220', 'VAUMAS'),
(1414, '3230', 'ST MARTIN DES LAIS'),
(1415, '3230', 'BEAULON'),
(1416, '3230', 'CHEVAGNES'),
(1417, '3230', 'CHEZY'),
(1418, '3230', 'PARAY LE FRESIL'),
(1419, '3230', 'GANNAY SUR LOIRE'),
(1420, '3230', 'LA CHAPELLE AUX CHASSES'),
(1421, '3230', 'GARNAT SUR ENGIEVRE'),
(1422, '3230', 'LUSIGNY'),
(1423, '3230', 'THIEL SUR ACOLIN'),
(1424, '3240', 'TREBAN'),
(1425, '3240', 'LE MONTET'),
(1426, '3240', 'CRESSANGES'),
(1427, '3240', 'ST SORNIN'),
(1428, '3240', 'LE THEIL'),
(1429, '3240', 'DEUX CHAISES'),
(1430, '3240', 'ROCLES'),
(1431, '3240', 'TRONGET'),
(1432, '3250', 'ARRONNES'),
(1433, '3250', 'FERRIERES SUR SICHON'),
(1434, '3250', 'LAVOINE'),
(1435, '3250', 'NIZEROLLES'),
(1436, '3250', 'LA CHABANNE'),
(1437, '3250', 'CHATEL MONTAGNE'),
(1438, '3250', 'ST NICOLAS DES BIEFS'),
(1439, '3250', 'LA GUILLERMIE'),
(1440, '3250', 'LAPRUGNE'),
(1441, '3250', 'LE MAYET DE MONTAGNE'),
(1442, '3250', 'ST CLEMENT'),
(1443, '3260', 'SEUILLET'),
(1444, '3260', 'MAGNET'),
(1445, '3260', 'ST FELIX'),
(1446, '3260', 'ST GERMAIN DES FOSSES'),
(1447, '3260', 'BILLY'),
(1448, '3260', 'MARCENAT'),
(1449, '3270', 'BUSSET'),
(1450, '3270', 'MARIOL');

--
-- Index pour les tables déchargées
--

--
-- Index pour la table `deplacement`
--
ALTER TABLE `deplacement`
  ADD PRIMARY KEY (`Id_transport`);

--
-- Index pour la table `deplacer`
--
ALTER TABLE `deplacer`
  ADD PRIMARY KEY (`Id_ms`,`Id_transport`),
  ADD KEY `Id_transport` (`Id_transport`);

--
-- Index pour la table `hebergement`
--
ALTER TABLE `hebergement`
  ADD PRIMARY KEY (`Id_hbg`);

--
-- Index pour la table `mission`
--
ALTER TABLE `mission`
  ADD PRIMARY KEY (`Id_ms`),
  ADD KEY `Id_utl` (`Id_utl`),
  ADD KEY `Id_ville` (`Id_ville`);

--
-- Index pour la table `prevoir`
--
ALTER TABLE `prevoir`
  ADD PRIMARY KEY (`Id_ms`,`Id_hbg`),
  ADD KEY `Id_hbg` (`Id_hbg`);

--
-- Index pour la table `typecompte`
--
ALTER TABLE `typecompte`
  ADD PRIMARY KEY (`ID_Compte`);

--
-- Index pour la table `utilisateur`
--
ALTER TABLE `utilisateur`
  ADD PRIMARY KEY (`Id_utl`),
  ADD KEY `ID_Compte` (`ID_Compte`),
  ADD KEY `Id_ville` (`Id_ville`);

--
-- Index pour la table `ville`
--
ALTER TABLE `ville`
  ADD PRIMARY KEY (`Id_ville`);

--
-- AUTO_INCREMENT pour les tables déchargées
--

--
-- AUTO_INCREMENT pour la table `deplacement`
--
ALTER TABLE `deplacement`
  MODIFY `Id_transport` int(10) NOT NULL AUTO_INCREMENT, AUTO_INCREMENT=8;

--
-- AUTO_INCREMENT pour la table `hebergement`
--
ALTER TABLE `hebergement`
  MODIFY `Id_hbg` int(10) NOT NULL AUTO_INCREMENT, AUTO_INCREMENT=14;

--
-- AUTO_INCREMENT pour la table `mission`
--
ALTER TABLE `mission`
  MODIFY `Id_ms` int(10) NOT NULL AUTO_INCREMENT, AUTO_INCREMENT=22;

--
-- AUTO_INCREMENT pour la table `typecompte`
--
ALTER TABLE `typecompte`
  MODIFY `ID_Compte` int(10) NOT NULL AUTO_INCREMENT, AUTO_INCREMENT=3;

--
-- AUTO_INCREMENT pour la table `utilisateur`
--
ALTER TABLE `utilisateur`
  MODIFY `Id_utl` int(10) NOT NULL AUTO_INCREMENT, AUTO_INCREMENT=18;

--
-- AUTO_INCREMENT pour la table `ville`
--
ALTER TABLE `ville`
  MODIFY `Id_ville` int(10) NOT NULL AUTO_INCREMENT, AUTO_INCREMENT=1451;

--
-- Contraintes pour les tables déchargées
--

--
-- Contraintes pour la table `deplacer`
--
ALTER TABLE `deplacer`
  ADD CONSTRAINT `deplacer_ibfk_1` FOREIGN KEY (`Id_ms`) REFERENCES `mission` (`Id_ms`),
  ADD CONSTRAINT `deplacer_ibfk_2` FOREIGN KEY (`Id_transport`) REFERENCES `deplacement` (`Id_transport`);

--
-- Contraintes pour la table `mission`
--
ALTER TABLE `mission`
  ADD CONSTRAINT `mission_ibfk_1` FOREIGN KEY (`Id_utl`) REFERENCES `utilisateur` (`Id_utl`),
  ADD CONSTRAINT `mission_ibfk_2` FOREIGN KEY (`Id_ville`) REFERENCES `ville` (`Id_ville`);

--
-- Contraintes pour la table `prevoir`
--
ALTER TABLE `prevoir`
  ADD CONSTRAINT `prevoir_ibfk_1` FOREIGN KEY (`Id_ms`) REFERENCES `mission` (`Id_ms`),
  ADD CONSTRAINT `prevoir_ibfk_2` FOREIGN KEY (`Id_hbg`) REFERENCES `hebergement` (`Id_hbg`);

--
-- Contraintes pour la table `utilisateur`
--
ALTER TABLE `utilisateur`
  ADD CONSTRAINT `utilisateur_ibfk_1` FOREIGN KEY (`ID_Compte`) REFERENCES `typecompte` (`ID_Compte`),
  ADD CONSTRAINT `utilisateur_ibfk_2` FOREIGN KEY (`id_ville`) REFERENCES `ville` (`id_ville`),
  ADD CONSTRAINT `utilisateur_ibfk_3` FOREIGN KEY (`Id_ville`) REFERENCES `ville` (`Id_ville`);
COMMIT;

/*!40101 SET CHARACTER_SET_CLIENT=@OLD_CHARACTER_SET_CLIENT */;
/*!40101 SET CHARACTER_SET_RESULTS=@OLD_CHARACTER_SET_RESULTS */;
/*!40101 SET COLLATION_CONNECTION=@OLD_COLLATION_CONNECTION */;
